Alias,Link
OpenMax,https://openaccess.thecvf.com/content_cvpr_2016/papers/Bendale_Towards_Open_Set_CVPR_2016_paper.pdf
MSP,https://openreview.net/forum?id=Hkg4TI9xl
TempScale,https://proceedings.mlr.press/v70/guo17a.html
ODIN,https://openreview.net/forum?id=H1VGkIxRZ
MDS,https://papers.nips.cc/paper/2018/hash/abdeb6f575ac5c6676b747bca8d09cc2-Abstract.html
MDSEns,https://papers.nips.cc/paper/2018/hash/abdeb6f575ac5c6676b747bca8d09cc2-Abstract.html
RMDS,https://arxiv.org/abs/2106.09022
Gram,https://proceedings.mlr.press/v119/sastry20a.html
EBO,https://papers.nips.cc/paper/2020/hash/f5496252609c43eb8a3d147ab9b9c006-Abstract.html
OpenGAN,https://openaccess.thecvf.com/content/ICCV2021/html/Kong_OpenGAN_Open-Set_Recognition_via_Open_Data_Generation_ICCV_2021_paper.html
GradNorm,https://papers.nips.cc/paper/2021/hash/063e26c670d07bb7c4d30e6fc69fe056-Abstract.html
ReAct,https://papers.nips.cc/paper/2021/hash/01894d6f048493d2cacde3c579c315a3-Abstract.html
MLS,https://proceedings.mlr.press/v162/hendrycks22a.html
KLM,https://proceedings.mlr.press/v162/hendrycks22a.html
VIM,https://openaccess.thecvf.com/content/CVPR2022/html/Wang_ViM_Out-of-Distribution_With_Virtual-Logit_Matching_CVPR_2022_paper.html
KNN,https://proceedings.mlr.press/v162/sun22d.html
DICE,https://www.ecva.net/papers/eccv_2022/papers_ECCV/html/4405_ECCV_2022_paper.php
RankFeat,https://openreview.net/forum?id=-deKNiSOXLG
ASH,https://openreview.net/forum?id=ndYXTEL6cZz
SHE,https://openreview.net/forum?id=KkazG4lgKL
ConfBranch,https://arxiv.org/pdf/1802.04865.pdf
RotPred,https://papers.nips.cc/paper/2019/hash/a2b15837edac15df90721968986f7f8e-Abstract.html
G-ODIN,https://openaccess.thecvf.com/content_CVPR_2020/html/Hsu_Generalized_ODIN_Detecting_Out-of-Distribution_Image_Without_Learning_From_Out-of-Distribution_Data_CVPR_2020_paper.html
CSI,https://papers.nips.cc/paper_files/paper/2020/hash/8965f76632d7672e7d3cf29c87ecaa0c-Abstract.html
ARPL,https://arxiv.org/pdf/2103.00953.pdf
MOS,https://openaccess.thecvf.com/content/CVPR2021/html/Huang_MOS_Towards_Scaling_Out-of-Distribution_Detection_for_Large_Semantic_Space_CVPR_2021_paper.html
VOS,https://openreview.net/forum?id=TW7d65uYu5M
LogitNorm,https://proceedings.mlr.press/v162/wei22d.html
CIDER,https://openreview.net/forum?id=aEFaE0W5pAd
NPOS,https://openreview.net/forum?id=JHklpEZqduQ
Cutout,https://arxiv.org/abs/1708.04552
RandAugment,https://papers.nips.cc/paper_files/paper/2020/hash/d85b63ef0ccb114d0a3bb7b7d808028f-Abstract.html
StyleAugment,https://openreview.net/forum?id=Bygh9j09KX&source=techstories.org
AugMix,https://openreview.net/forum?id=S1gmrxHFvB
DeepAugment,https://openaccess.thecvf.com/content/ICCV2021/html/Hendrycks_The_Many_Faces_of_Robustness_A_Critical_Analysis_of_Out-of-Distribution_ICCV_2021_paper.html
PixMix,https://openaccess.thecvf.com/content/CVPR2022/html/Hendrycks_PixMix_Dreamlike_Pictures_Comprehensively_Improve_Safety_Measures_CVPR_2022_paper.html
RegMixup,https://openreview.net/forum?id=5j6fWcPccO
OE,https://openreview.net/forum?id=HyxCxhRcY7
UDG,https://openaccess.thecvf.com/content/ICCV2021/html/Yang_Semantically_Coherent_Out-of-Distribution_Detection_ICCV_2021_paper.html
MCD,https://openaccess.thecvf.com/content_ICCV_2019/papers/Yu_Unsupervised_Out-of-Distribution_Detection_by_Maximum_Classifier_Discrepancy_ICCV_2019_paper.pdf
SSOE,https://ojs.aaai.org/index.php/AAAI/article/view/5966
MixOE,https://openaccess.thecvf.com/content/WACV2023/html/Zhang_Mixture_Outlier_Exposure_Towards_Out-of-Distribution_Detection_in_Fine-Grained_Environments_WACV_2023_paper.html
GEN,https://openaccess.thecvf.com/content/CVPR2023/papers/Liu_GEN_Pushing_the_Limits_of_Softmax-Based_Out-of-Distribution_Detection_CVPR_2023_paper.pdf
NNGuide,https://arxiv.org/abs/2309.14888
Relation,https://arxiv.org/abs/2301.12321
SCALE,https://openreview.net/forum?id=RDSTjtnqCg
ISH,https://openreview.net/forum?id=RDSTjtnqCg
NAC,https://openreview.net/forum?id=SNGXbZtK6Q
PALM,https://openreview.net/forum?id=uNkKaD3MCs
T2FNorm,https://arxiv.org/abs/2305.17797
ReweightOOD,https://github.com/sudarshanregmi/ReweightOOD
fDBD,https://openreview.net/forum?id=eQaOb4r6YC